{
    "brands": [
        {
            "id": 2,
            "coverURL": "https://cdn.poizon.com/pro-img/cut-img/20240123/85e00e74f13e4318bb594d373769b359.jpg",
            "name": "PUMA"
        },
        {
            "id": 4,
            "coverURL": "https://cdn.poizon.com/pro-img/cut-img/20240125/0d98bda661ac4ce5a0aef61623a83f9c.jpg",
            "name": "New Balance"
        },
        {
            "id": 8,
            "coverURL": "https://cdn.poizon.com/pro-img/cut-img/20230713/afadaa59acdb474e97bfbf1c5d5a6047.jpg",
            "name": "Asics"
        },
        {
            "id": 9,
            "coverURL": "https://cdn.poizon.com/pro-img/cut-img/20240123/a41126cb556c4487aa7776a852a8e78a.jpg",
            "name": "Vans"
        },
        {
            "id": 13,
            "coverURL": "https://cdn.poizon.com/pro-img/cut-img/20230724/7a7cca8f8806461caadd795b0f82170d.jpg",
            "name": "Jordan"
        },
        {
            "id": 144,
            "coverURL": "https://cdn.poizon.com/pro-img/cut-img/20240117/864a9ec3fe1f42cba1b04f66ed4077c9.jpg",
            "name": "Nike"
        },
        {
            "id": 439,
            "coverURL": "https://cdn.poizon.com/pro-img/cut-img/20230908/351f8aeafb6445a2afcb90e081088c01.jpg",
            "name": "Supreme"
        },
        {
            "id": 494,
            "coverURL": "https://cdn.poizon.com/pro-img/cut-img/20231018/9a9c947c00b348468b232200deef3ebf.jpg",
            "name": "adidas originals"
        },
        {
            "id": 634,
            "coverURL": "https://cdn.poizon.com/pro-img/cut-img/20230713/322c8fb517564c29816c025896b4e204.jpg",
            "name": "A BATHING APE"
        },
        {
            "id": 1245,
            "coverURL": "https://cdn.poizon.com/pro-img/cut-img/20230908/cd1d49cf127b44edb3ea206ffeb3204a.jpg",
            "name": "OFF-WHITE"
        },
        {
            "id": 1302,
            "coverURL": "https://cdn.poizon.com/pro-img/cut-img/20231229/58b017b3314f44abb1702a09fbaed840.jpg",
            "name": "WTAPS"
        },
        {
            "id": 10000,
            "coverURL": "https://cdn.poizon.com/pro-img/cut-img/20230713/b8d5e5fa49ce409ba3b9eb0928754658.jpg",
            "name": "ROARINGWILD"
        },
        {
            "id": 10037,
            "coverURL": "https://cdn.poizon.com/pro-img/cut-img/20240131/2a249392c6a641cc8fd1107502f9072d.jpg",
            "name": "C2H4"
        },
        {
            "id": 10066,
            "coverURL": "https://cdn.poizon.com/pro-img/cut-img/20230802/ebf5a5475af44af5ac39acbcfdb8cde4.jpg",
            "name": "CLOT"
        },
        {
            "id": 10119,
            "coverURL": "https://cdn.poizon.com/pro-img/cut-img/20230713/d86f4dac269b438e991dec9940433afb.jpg",
            "name": "AMBUSH"
        },
        {
            "id": 10210,
            "coverURL": "https://cdn.poizon.com/pro-img/cut-img/20240105/185bdcc7156648a9bbe5a7e3d84fda14.jpg",
            "name": "CDG"
        },
        {
            "id": 10256,
            "coverURL": "https://cdn.poizon.com/pro-img/cut-img/20230908/d17e751065fa4ab68c2268f5549a4d72.jpg",
            "name": "Fragment Design"
        },
        {
            "id": 10312,
            "coverURL": "https://cdn.poizon.com/pro-img/cut-img/20230713/c70e68dc2b034078b33971eb5dbe189d.jpg",
            "name": "FENTY BEAUTY/蕾哈娜"
        },
        {
            "id": 1000042,
            "coverURL": "https://cdn.poizon.com/pro-img/cut-img/20230908/44a9925448fd4b429cf7d5061158e940.jpg",
            "name": "Sacai"
        },
        {
            "id": 1000096,
            "coverURL": "https://cdn.poizon.com/pro-img/cut-img/20231007/2c1ff2cca1a74b08977e0d273112a355.jpg",
            "name": "Disney/迪士尼"
        },
        {
            "id": 1000107,
            "coverURL": "https://cdn.poizon.com/pro-img/cut-img/20230713/a78802a6df1d4cf4a0ef79443cea6397.jpg",
            "name": "RHUDE"
        },
        {
            "id": 1000178,
            "coverURL": "https://cdn.poizon.com/pro-img/cut-img/20230713/12457421ff694d149c3ee950fe0fa34a.jpg",
            "name": "Peaceminusone"
        },
        {
            "id": 1000179,
            "coverURL": "https://cdn.poizon.com/pro-img/cut-img/20231229/f678d3ba55f94aa786ee2e67d74487b1.jpg",
            "name": "Thisisneverthat"
        },
        {
            "id": 1000341,
            "coverURL": "https://cdn.poizon.com/pro-img/cut-img/20230713/bb85492e693346839169616812d237eb.jpg",
            "name": "melting sadness"
        },
        {
            "id": 1000443,
            "coverURL": "https://cdn.poizon.com/pro-img/cut-img/20230713/e213bab9f58847b68c84e8362c38a9bb.jpg",
            "name": "The Simpsons/辛普森一家"
        },
        {
            "id": 1000642,
            "coverURL": "https://cdn.poizon.com/pro-img/cut-img/20230713/caa29a093a2c4d738942ee7f663146de.jpg",
            "name": "Travis Scott"
        },
        {
            "id": 1000723,
            "coverURL": "https://cdn.poizon.com/pro-img/cut-img/20240129/eacbb8501b654dcebfe58ac7dd686cba.jpg",
            "name": "NBA"
        },
        {
            "id": 1000896,
            "coverURL": "https://cdn.poizon.com/pro-img/cut-img/20230901/6539670dfab34254844dd0432c200bd8.jpg",
            "name": "英雄联盟/LEAGUE OF LEGENDS"
        },
        {
            "id": 1001109,
            "coverURL": "https://cdn.poizon.com/pro-img/cut-img/20230713/ec6091300af84a8a8bd6b2f45ba3fbcd.jpg",
            "name": "CONCEPTS"
        },
        {
            "id": 1002554,
            "coverURL": null,
            "name": "则武"
        },
        {
            "id": 1004538,
            "coverURL": "https://cdn.poizon.com/pro-img/cut-img/20230713/091053fdc5254307bb035bc723326eb9.jpg",
            "name": "KIKO KOSTADINOV"
        },
        {
            "id": 1004917,
            "coverURL": "https://cdn.poizon.com/pro-img/cut-img/20230713/45606589bf02491a81d47d4549d950b5.jpg",
            "name": "Kanye West"
        },
        {
            "id": 1005854,
            "coverURL": "https://cdn.poizon.com/pro-img/cut-img/20230713/230d4d295bf4411cb4371b853bc7a2ee.jpg",
            "name": "Union"
        },
        {
            "id": 1009896,
            "coverURL": "https://cdn.poizon.com/pro-img/cut-img/20230727/62f584d62e2b4c0686d1966489a3897b.jpg",
            "name": "ANDERSSON BELL"
        },
        {
            "id": 1011526,
            "coverURL": "https://cdn.poizon.com/pro-img/cut-img/20230714/df9d8f485fa6436a9e896b61610d4be9.jpg",
            "name": "MoMA"
        },
        {
            "id": 1014786,
            "coverURL": "https://cdn.poizon.com/pro-img/cut-img/20230714/f13499600d5c4f8fb76a642b6322f04f.jpg",
            "name": "JJJJound"
        },
        {
            "id": 1022934,
            "coverURL": "https://cdn.poizon.com/pro-img/cut-img/20231024/fa0468a8b5684a1381f038dbcdf94491.jpg",
            "name": "COSTS"
        }
    ]
}