{
  "options": [
    {
      "title": "Размер",
      "defValue": "Любой размер",
      "items": [
        "35",
        "36",
        "36.5",
        "37",
        "37.5",
        "38",
        "39",
        "40",
        "41",
        "42",
        "42.5",
        "43",
        "44",
        "45",
        "46",
        "47",
        "48",
        "49",
        "50",
        "51",
        "52"
      ]
    },
    {
      "title": "Бренд",
      "defValue": "Любой бренд",
      "items": [
        "Adidas",
        "Asics",
        "Jordan",
        "Puma",
        "Nike",
        "New Balance",
        "Vans"
      ]
    },
    {
      "title": "Тип одежды",
      "defValue": "Любой тип",
      "items": [
        "Майки",
        "Штаны",
        "Худи",
        "Свитшоты",
        "Куртки",
        "Шорты"
      ]
    }
  ]
}